pressure,max_T,flow_rate,H2_per_CH4_n_Ar,reacter_len,reacter_dia,Conv,C2H4,C2,Coke,Y_C2,Y_C2H4
-0.938,-0.7995,-0.823529412,-1,0.75,0.733333333,2.074136289,29.33618218,41.01180533,12.79369613,0.850640737,0.6084724
-0.862,-0.65,-0.588235294,-1,0.75,0.733333333,1.891094377,31.862564,46.81226731,16.05991253,0.885264155,0.602551156
-0.952,-0.8,-0.352941176,-1,0.75,0.733333333,2.554459973,27.25855213,37.83959505,35.12661445,0.966597309,0.696308803
-0.772,-0.5505,-0.352941176,-1,0.75,0.733333333,2.561521069,29.81450672,44.39381133,26.56716303,1.137156831,0.763704871
-0.936,-0.749,-0.823529412,-1,0.75,0.733333333,3.574159011,27.93361882,38.2839873,15.60686869,1.368330582,0.998391954
-0.9,-0.6505,-0.705882353,-1,0.75,0.733333333,3.689297399,27.56743272,38.92652237,31.05369548,1.436115177,1.017044578
-0.86,-0.5995,-0.588235294,-1,0.75,0.733333333,3.95659504,27.63345981,39.47844885,25.16291494,1.562002349,1.0933441
-0.952,-0.7505,-0.352941176,-1,0.75,0.733333333,4.421209597,29.46282383,39.08427601,28.0081687,1.727997762,1.302613195
-0.768,-0.5,-0.352941176,-1,0.75,0.733333333,5.163747353,27.41791898,39.48183345,25.3615594,2.03874213,1.415792066
-0.936,-0.6995,-0.823529412,-1,0.75,0.733333333,6.020010061,26.72476405,35.36010454,21.56261936,2.128681851,1.608833485
-0.266,0.35,0.823529412,-0.636363636,-0.75,-0.493333333,2.724049187,45.74778931,78.35585574,10.52427103,2.134452051,1.246192283
-0.9,-0.601,-0.705882353,-1,0.75,0.733333333,6.565716027,25.82880102,35.12760132,30.79249307,2.30637855,1.695845728
-0.86,-0.549,-0.588235294,-1,0.75,0.733333333,7.095933739,25.15214682,34.63963557,30.10447476,2.458005587,1.784779672
-0.266,0.375,0.823529412,-0.636363636,-0.75,-0.493333333,3.240327975,43.20945337,76.3294689,14.51893348,2.473325134,1.400128005
-0.952,-0.701,-0.352941176,-1,0.75,0.733333333,7.673761022,26.18846883,33.64542145,35.46015017,2.581869237,2.009640513
-0.934,-0.649,-0.823529412,-1,0.75,0.733333333,9.279287582,24.0382817,31.11687032,30.36520083,2.887423884,2.230581289
-0.9,-0.5505,-0.705882353,-1,0.75,0.733333333,10.41921409,23.20541868,30.70715839,35.29646275,3.199444574,2.417822253
-0.264,0.425,0.823529412,-0.636363636,-0.75,-0.493333333,3.784831995,46.81922721,85.99660873,6.669071995,3.254827162,1.772029091
-0.95,-0.6505,-0.352941176,-1,0.75,0.733333333,11.92084851,21.70413888,27.4885975,43.73635901,3.276874065,2.587317516
0.662,0.375,-0.588235294,-0.636363636,-0.75,0.733333333,34.19638042,6.810530915,10.00696721,77.24453165,3.422020576,2.32895506
0.732,0.35,-0.588235294,-0.636363636,-0.75,0.733333333,32.06268601,7.271769718,10.71622908,75.55604561,3.435910882,2.331524692
0.59,0.4,-0.588235294,-0.636363636,-0.75,0.733333333,35.65807706,6.597908231,9.679572352,78.10084872,3.451549368,2.352687201
0.51,0.425,-0.588235294,-0.636363636,-0.75,0.733333333,37.94141952,6.286391247,9.150486953,79.50046236,3.471824643,2.385146076
0.77,0.325,-0.588235294,-0.636363636,-0.75,0.733333333,30.23525993,7.872716956,11.60626468,73.65984551,3.509184294,2.380336435
-0.934,-0.5995,-0.823529412,-1,0.75,0.733333333,13.10413622,21.02481949,26.93947375,39.18714837,3.530185337,2.755120986
0.416,0.45,-0.588235294,-0.636363636,-0.75,0.733333333,39.50022186,6.239435976,9.039055763,80.19076623,3.57044708,2.464591053
0.328,0.475,-0.588235294,-0.636363636,-0.75,0.733333333,41.37626716,6.039175735,8.741977676,81.05369418,3.617104038,2.498785486
0.746,0.3,-0.588235294,-0.636363636,-0.75,0.733333333,28.79002396,8.558878466,12.56679807,71.84121786,3.617984175,2.464103161
-0.95,-0.6005,-0.352941176,-1,0.75,0.733333333,15.92071754,18.27482248,23.07076981,49.64806267,3.673032096,2.909482868
-0.982,0.5,-0.588235294,-0.636363636,-0.75,0.733333333,40.7850925,6.521307381,9.335303072,78.66454067,3.807411993,2.659721248
-0.95,-0.5505,-0.352941176,-1,0.75,0.733333333,19.66942034,15.38524827,19.50854734,55.25778083,3.837218179,3.026189153
-0.948,-0.5005,-0.352941176,-1,0.75,0.733333333,23.08671453,13.04927393,16.63711533,60.45618148,3.840963322,3.01264862
-0.946,-0.5,-0.352941176,-1,0.75,0.733333333,23.39226158,12.86601099,16.4348132,60.58663403,3.844474494,3.009650946
-0.99,0.525,-0.588235294,-0.636363636,-0.75,0.733333333,41.1823331,6.59938269,9.341194138,79.29504175,3.846921685,2.717779762
-0.896,-0.501,-0.705882353,-1,0.75,0.733333333,14.8128182,20.04030489,26.12461516,41.87626116,3.869791749,2.96853393
-0.932,-0.5495,-0.823529412,-1,0.75,0.733333333,17.21563224,17.66817659,22.59961186,48.38392215,3.890666065,3.041688305
-0.778,0.275,-0.588235294,-0.272727273,0.75,-0.866666667,5.501414451,42.46449026,77.23442666,20.68344206,4.248985909,2.336147604
-0.066,0.325,-0.117647059,-0.636363636,-0.75,-0.493333333,4.998288011,54.31473526,87.76363698,6.097143176,4.386679345,2.714806901
-0.76,0.4245,-0.588235294,-0.636363636,-0.75,-0.866666667,5.136787385,45.59841117,92.01432006,3.808244578,4.726579985,2.342293433
-0.762,0.2755,-0.588235294,-0.636363636,-0.75,-0.493333333,5.135045671,53.95107,93.24506578,0.813855381,4.788176714,2.770412084
-0.614,0.6,0.352941176,0.818181818,-0.75,0.733333333,4.998048924,62.95706821,96.09048919,2.093789503,4.802649661,3.14662507
-0.26,0.5,0.823529412,-0.636363636,-0.75,-0.493333333,5.814590104,43.11047149,83.00412784,9.136909338,4.826349803,2.506697209
-0.428,0.4755,-0.117647059,0.090909091,-0.75,-0.493333333,5.868712311,50.60995371,83.32135099,16.67864901,4.889890383,2.970152584
-0.778,0.3,-0.588235294,-0.272727273,0.75,-0.866666667,6.219758421,42.74910048,79.2885916,18.1027875,4.931558853,2.658890777
0.12,0.125,0.352941176,-0.636363636,-0.75,0.733333333,5.437330017,64.75794865,91.26884174,0.883848254,4.962588128,3.52110338
-0.064,0.35,-0.117647059,-0.636363636,-0.75,-0.493333333,5.675211587,53.9111233,88.111282,5.898968923,5.000501686,3.059570316
-0.454,0.24,0.352941176,-0.818181818,-0.75,0.733333333,5.599683564,64.3605625,93.35123079,3.794504775,5.227373527,3.60398784
-0.684,0.375,-0.588235294,0.090909091,-0.75,-0.493333333,6.888387822,49.20662618,76.90671317,11.00094741,5.297632664,3.389543245
-0.266,0.525,0.823529412,-0.636363636,-0.75,-0.493333333,6.497047665,42.51544383,83.39982653,10.11901658,5.418526482,2.762248651
-0.762,0.45,-0.588235294,-0.636363636,-0.75,-0.866666667,5.993081227,44.20043289,90.6504486,3.961375346,5.432755017,2.648967846
-0.428,0.5005,-0.117647059,0.090909091,-0.75,-0.493333333,6.183436618,53.46288157,88.49157984,10.76511525,5.471820752,3.305843396
-0.76,0.3245,-0.588235294,-0.636363636,0,-0.866666667,6.131081234,45.86504501,90.17613344,4.543962434,5.528771995,2.812023168
-0.488,0.45,-0.352941176,-0.272727273,-0.75,-0.493333333,6.377267834,54.98546876,88.06375054,5.326595195,5.616061237,3.506570613
-0.778,0.325,-0.588235294,-0.272727273,0.75,-0.866666667,6.897276656,43.68099157,82.46252621,14.83055897,5.68766857,3.012798835
-0.624,0.25,0.352941176,0.090909091,-0.75,0.733333333,6.163642192,63.11946136,94.01601134,2.020291529,5.794810542,3.890457752
-0.856,0.075,-0.588235294,-0.636363636,-0.75,0.733333333,8.018146749,51.46003772,72.98502472,13.28033382,5.852046387,4.126141341
-0.452,0.265,0.352941176,-0.818181818,-0.75,0.733333333,6.220359328,64.80785066,94.20774616,2.088820004,5.860060326,4.031281184
-0.614,0.625,0.352941176,0.818181818,-0.75,0.733333333,5.951546039,64.24586406,98.56672714,0.36499874,5.866244145,3.823622178
-0.686,0.4,-0.588235294,0.090909091,-0.75,-0.493333333,6.977025615,53.54712072,84.23724345,3.073035558,5.877254053,3.735996329
-0.428,0.525,-0.117647059,0.090909091,-0.75,-0.493333333,6.838186403,53.14252692,88.3813922,10.69946211,6.043684344,3.63398505
0.736,0.15,0.352941176,-0.636363636,-0.75,0.733333333,7.8164088,54.48599663,77.76812435,7.140863815,6.078674515,4.258848235
-0.26,0.55,0.823529412,-0.636363636,-0.75,-0.493333333,7.239885366,43.01556517,85.25732416,8.718585725,6.172532535,3.114277608
-0.758,0.4745,-0.588235294,-0.636363636,-0.75,-0.866666667,6.785185858,43.67143605,91.06432009,1.129780797,6.178883368,2.963188103
-0.622,0.275,0.352941176,0.090909091,-0.75,0.733333333,6.787540032,61.55715735,92.00667072,3.195154943,6.244989607,4.178216698
-0.762,0.35,-0.588235294,-0.636363636,0,-0.866666667,7.362551114,42.56089695,84.8828463,8.813016293,6.249542946,3.133567793
-0.612,0.6375,0.352941176,0.818181818,-0.75,0.733333333,6.502509732,63.84272948,97.83862965,0.855707963,6.361966415,4.151379698
-0.388,0.275,-0.588235294,-0.636363636,-0.75,0.733333333,27.09621139,16.85869925,23.63748822,56.60256843,6.404863775,4.568068786
-0.688,0.425,-0.588235294,0.090909091,-0.75,-0.493333333,7.869102893,51.87858391,81.7289514,7.383514437,6.431335279,4.082379147
-0.78,0.35,-0.588235294,-0.272727273,0.75,-0.866666667,7.860992907,42.68366798,81.92475141,15.27283246,6.440098897,3.355360112
-0.456,0.295,0.352941176,-0.818181818,-0.75,0.733333333,7.247855096,61.19500903,89.13233172,6.310647427,6.460182247,4.43532558
-0.062,0.4,-0.117647059,-0.636363636,-0.75,-0.493333333,7.125717394,54.91869902,90.83693658,0.455968474,6.47278339,3.913351289
0.5,0.175,0.352941176,-0.636363636,-0.75,0.733333333,8.723986425,53.3663413,75.29751497,8.19666447,6.568944984,4.655672371
-0.428,0.5505,-0.117647059,0.090909091,-0.75,-0.493333333,7.229670931,55.59644723,92.7774972,6.027533932,6.707507746,4.019440184
-0.856,0.1,-0.588235294,-0.636363636,-0.75,0.733333333,10.19886959,46.20937177,65.96672645,16.29230789,6.727860403,4.712833565
0.23,0.65,0.352941176,0.090909091,-0.75,0.733333333,25.70851752,17.78585985,26.28956443,59.94497265,6.758657277,4.572480896
-0.622,0.3,0.352941176,0.090909091,-0.75,0.733333333,7.248784315,62.40690235,93.48697864,0.532566088,6.776669444,4.523741749
-0.614,0.65,0.352941176,0.818181818,-0.75,0.733333333,7.249951458,61.60411624,94.89784951,3.523968938,6.880048024,4.466268524
-0.486,0.5,-0.352941176,-0.272727273,-0.75,-0.493333333,7.891986111,54.88448204,88.19799682,5.799599426,6.960573659,4.3314757
-0.758,0.4995,-0.588235294,-0.636363636,-0.75,-0.866666667,8.016250559,41.38880897,87.49470156,5.862995377,7.013794503,3.31783063
0.132,0.2,0.352941176,-0.636363636,-0.75,0.733333333,9.045479943,55.14775168,77.5536616,5.68864069,7.015100905,4.988378817
-0.252,0.575,0.823529412,-0.636363636,-0.75,-0.493333333,7.926561169,44.29995908,88.53085801,3.487650482,7.017452614,3.511463354
0.096,0.675,0.352941176,0.090909091,-0.75,0.733333333,28.2183277,17.05323192,25.05204251,62.33206583,7.069267451,4.812136867
0.776,0.325,0.352941176,-0.636363636,-0.75,0.733333333,19.32126112,26.25251892,36.72363322,39.13418785,7.095469067,5.072317731
-0.582,0.25,-0.588235294,-0.636363636,-0.75,0.733333333,24.74068552,20.42680341,28.76418542,49.84927821,7.116456657,5.053731193
-0.76,0.3745,-0.588235294,-0.636363636,0,-0.866666667,8.424581599,41.835726,84.56540637,7.286670325,7.124281664,3.524484874
-0.456,0.315,0.352941176,-0.818181818,-0.75,0.733333333,8.048938731,60.82925317,88.88950047,5.353246829,7.154661431,4.896109318
-0.686,0.45,-0.588235294,0.090909091,-0.75,-0.493333333,7.798558562,58.12230804,91.77219212,1.00098951,7.156908146,4.53270223
0.062,0.7,0.352941176,0.090909091,-0.75,0.733333333,30.56752775,15.95638756,23.45986829,65.15895162,7.17110175,4.877473195
0.044,0.725,0.352941176,0.090909091,-0.75,0.733333333,32.36866395,15.16217883,22.36606006,67.25555927,7.23959482,4.907794713
-0.78,0.375,-0.588235294,-0.272727273,0.75,-0.866666667,8.698970893,43.15512825,83.4755967,13.64492566,7.26151786,3.754052045
-0.06,0.425,-0.117647059,-0.636363636,-0.75,-0.493333333,8.370516842,52.34194471,86.91608867,3.13461426,7.275325841,4.381291297
-0.76,0.35,-0.588235294,-0.636363636,-0.75,-0.493333333,8.698684129,47.3761038,83.91875599,4.703580219,7.299827509,4.121097622
-0.624,0.325,0.352941176,0.090909091,-0.75,0.733333333,8.000731369,60.59318598,91.25236933,1.581689753,7.300856938,4.847898038
-0.85,0.125,-0.588235294,-0.636363636,-0.75,0.733333333,11.77678848,43.57903369,62.08505876,16.86873788,7.311626048,5.132210619
-0.428,0.5755,-0.117647059,0.090909091,-0.75,-0.493333333,8.10073823,54.44343624,91.3678984,7.200392016,7.401474276,4.410320253
-0.044,0.225,0.352941176,-0.636363636,-0.75,0.733333333,10.15995661,51.75503603,73.31608952,9.711842629,7.448882883,5.258289204
-0.614,0.6625,0.352941176,0.818181818,-0.75,0.733333333,7.87675906,62.15221391,95.7663581,2.381775779,7.543285288,4.89558014
-0.844,0.15,-0.588235294,-0.636363636,-0.75,0.733333333,14.39606263,37.29276861,53.02347986,24.73625853,7.633293369,5.368690326
-0.622,0.35,0.352941176,0.090909091,-0.75,0.733333333,8.736743792,58.58544311,88.31330474,3.020321762,7.715707169,5.118460064
-0.742,0.225,-0.588235294,-0.636363636,-0.75,0.733333333,21.44001609,25.51029623,36.30253282,40.43563089,7.783268878,5.469411616
-0.688,0.475,-0.588235294,0.090909091,-0.75,-0.493333333,9.59627039,51.56011704,81.71727626,8.872499456,7.841810785,4.947848245
-0.254,0.6,0.823529412,-0.636363636,-0.75,-0.493333333,9.230731916,42.18882671,85.24870728,6.302697794,7.869079631,3.894337492
-0.456,0.345,0.352941176,-0.818181818,-0.75,0.733333333,8.708901892,62.03853674,90.38571783,1.546105099,7.87160349,5.4028753
-0.824,0.175,-0.588235294,-0.636363636,-0.75,0.733333333,16.38196325,33.8597051,48.16590131,27.92593151,7.890520252,5.546884446
-0.79,0.2,-0.588235294,-0.636363636,-0.75,0.733333333,18.7479569,29.76330563,42.39469796,33.54274914,7.948139701,5.580011712
-0.756,0.5245,-0.588235294,-0.636363636,-0.75,-0.866666667,9.342768065,39.74532486,85.11086966,6.130291333,7.95171115,3.713313518
-0.118,0.25,0.352941176,-0.636363636,-0.75,0.733333333,11.23653486,50.31740963,71.52114584,9.621853415,8.036498485,5.653933274
-0.762,0.4,-0.588235294,-0.636363636,0,-0.866666667,9.754245675,40.49906349,82.99883903,7.231805565,8.095910666,3.950378149
-0.614,0.675,0.352941176,0.818181818,-0.75,0.733333333,8.677625102,60.71375457,93.60446924,4.285289232,8.122644919,5.268512007
-0.06,0.45,-0.117647059,-0.636363636,-0.75,-0.493333333,9.512630641,51.37847187,85.70244622,2.279556166,8.152557159,4.887444258
-0.778,0.3995,-0.588235294,-0.272727273,0.75,-0.866666667,9.640844433,43.26162991,84.71539997,10.93609396,8.167279922,4.170786439
-0.426,0.6005,-0.117647059,0.090909091,-0.75,-0.493333333,8.724640887,55.93659459,93.95262994,4.229339778,8.197029566,4.880267002
-0.62,0.375,0.352941176,0.090909091,-0.75,0.733333333,9.59965569,57.60362604,86.37394005,3.332569153,8.291600851,5.529749765
-0.762,0.3745,-0.588235294,-0.636363636,-0.75,-0.493333333,10.07910427,46.69369084,82.97966082,1.926935224,8.363606537,4.706305787
-0.486,0.55,-0.352941176,-0.272727273,-0.75,-0.493333333,9.648805182,53.79976203,87.05748994,7.554193767,8.400007601,5.191034227
-0.226,0.275,0.352941176,-0.636363636,-0.75,0.733333333,12.27265751,48.3483451,69.41312166,10.49466122,8.518834688,5.933626806
-0.23,0.55,0.352941176,-0.636363636,-0.75,-0.493333333,10.01697049,47.05780222,85.09543327,5.509656208,8.523984439,4.713766162
-0.456,0.365,0.352941176,-0.818181818,-0.75,0.733333333,9.888584381,59.42801512,86.5785574,3.675445145,8.561393704,5.876589421
-0.686,0.5,-0.588235294,0.090909091,-0.75,-0.493333333,9.711436148,55.84794645,88.6578668,0.237501076,8.609952124,5.423637659
-0.614,0.6875,0.352941176,0.818181818,-0.75,0.733333333,8.963167426,61.7959252,96.43175463,0.955462931,8.643339619,5.538872238
0.1,0.3,0.352941176,-0.636363636,-0.75,0.733333333,15.24118075,40.43161389,56.79231003,19.44404732,8.655818624,6.162255353
-0.622,0.4,0.352941176,0.090909091,-0.75,0.733333333,10.75831468,53.91593444,81.15845322,7.214151782,8.731281787,5.80044589
-0.252,0.625,0.823529412,-0.636363636,-0.75,-0.493333333,10.55816885,40.9975933,83.39916567,6.932344357,8.805424731,4.328595125
-0.756,0.5495,-0.588235294,-0.636363636,-0.75,-0.866666667,10.55801253,38.9802667,84.39140987,5.060917336,8.910055628,4.115541442
-0.722,0.65,0,0.818181818,-0.75,0.733333333,10.08194985,57.16615133,89.28170493,6.41901716,9.001336716,5.763462708
-0.724,0.65,0,0.818181818,-0.75,0.733333333,10.4857992,55.65838985,86.14785701,9.522130334,9.033291301,5.836226998
-0.76,0.4245,-0.588235294,-0.636363636,0,-0.866666667,11.32604285,38.66340083,79.81250018,8.465059454,9.03959797,4.379033345
-0.428,0.6255,-0.117647059,0.090909091,-0.75,-0.493333333,9.273711543,58.07508974,97.57217525,0.096146651,9.048562079,5.385716301
-0.06,0.475,-0.117647059,-0.636363636,-0.75,-0.493333333,11.03951443,49.11308039,82.05371093,4.298750047,9.058331258,5.421845597
-0.722,0.65,0,0.818181818,-0.75,0.733333333,10.28266215,56.63405772,88.22225832,7.221606753,9.071596764,5.823488817
-0.722,0.65,0,0.818181818,-0.75,0.733333333,10.22273637,57.17564243,88.84352168,6.754277245,9.082239003,5.844915193
-0.614,0.7,0.352941176,0.818181818,-0.75,0.733333333,10.2305924,57.10433416,89.01306128,8.036012727,9.106563482,5.842111671
-0.778,0.425,-0.588235294,-0.272727273,0.75,-0.866666667,10.68050508,43.59403596,86.06740994,8.786370819,9.192434091,4.656063225
-0.486,0.575,-0.352941176,-0.272727273,-0.75,-0.493333333,10.42397952,54.53813995,88.28651029,5.866071084,9.202967752,5.685044539
-0.624,0.425,0.352941176,0.090909091,-0.75,0.733333333,11.71568409,52.33559255,78.60764142,7.761440573,9.209422939,6.13147269
-0.76,0.4,-0.588235294,-0.636363636,-0.75,-0.493333333,11.9309943,43.51959644,77.855271,6.554051383,9.288907945,5.192320571
-0.454,0.39,0.352941176,-0.818181818,-0.75,0.733333333,10.99135615,58.04996993,84.51260309,3.397679287,9.289081197,6.38047894
-0.646,0.65,0.352941176,0.818181818,-0.75,0.733333333,10.27911852,58.47557488,90.66921973,5.420771252,9.319996557,6.010773647
-0.684,0.65,0.176470588,0.818181818,-0.75,0.733333333,10.25947981,58.88777126,91.09542466,4.489258191,9.345916701,6.041579003
-0.754,0.65,-0.176470588,0.818181818,-0.75,0.733333333,11.16136517,54.20855958,84.0321551,10.05568886,9.379135691,6.050415288
-0.684,0.65,0.176470588,0.818181818,-0.75,0.733333333,10.37962043,58.40881479,90.49482421,5.006800498,9.393019262,6.062613273
-0.678,0.65,0.176470588,0.818181818,-0.75,0.733333333,10.3966642,58.2157829,90.45794994,5.061076669,9.404609297,6.05249946
-0.644,0.65,0.352941176,0.818181818,-0.75,0.733333333,10.28635294,59.16066883,91.50725817,4.506667399,9.412759541,6.085475198
-0.646,0.65,0.352941176,0.818181818,-0.75,0.733333333,10.28194913,59.33424496,91.67531299,4.29119441,9.426009046,6.100716883
-0.646,0.65,0.352941176,0.818181818,-0.75,0.733333333,10.50661455,58.2676358,89.93262592,6.097625037,9.44887436,6.121955901
-0.688,0.525,-0.588235294,0.090909091,-0.75,-0.493333333,11.24860909,52.87396827,84.01131474,5.082107785,9.450104386,5.947586001
-0.228,0.575,0.352941176,-0.636363636,-0.75,-0.493333333,11.5300062,45.82419117,83.23510707,5.225019712,9.597013006,5.283532083
-0.624,0.45,0.352941176,0.090909091,-0.75,0.733333333,12.82914882,50.09735521,75.31932589,9.21023336,9.662828409,6.427064255
-0.754,0.65,-0.176470588,0.818181818,-0.75,0.733333333,11.33633607,55.27676651,85.52663533,7.998083133,9.69558681,6.26636002
-0.754,0.65,-0.176470588,0.818181818,-0.75,0.733333333,11.1947829,56.18941794,87.01830603,6.080736228,9.741510443,6.290283351
-0.614,0.7125,0.352941176,0.818181818,-0.75,0.733333333,10.68023795,59.02625619,91.88770709,4.512725294,9.813825764,6.304144614
-0.25,0.65,0.823529412,-0.636363636,-0.75,-0.493333333,11.62823896,41.41282088,84.61111468,3.514163896,9.838782602,4.815581772
-0.756,0.65,-0.176470588,0.818181818,-0.75,0.733333333,11.55240257,55.18226032,85.31443846,7.728922379,9.855867381,6.374876859
-0.426,0.6505,-0.117647059,0.090909091,-0.75,-0.493333333,11.05973522,53.17568091,89.52401357,7.498722606,9.901118859,5.88108951
-0.056,0.5,-0.117647059,-0.636363636,-0.75,-0.493333333,12.98519037,45.42357701,76.30009854,8.679292848,9.907713048,5.898337948
-0.454,0.415,0.352941176,-0.818181818,-0.75,0.733333333,12.12223849,56.39530685,81.97020157,3.575064082,9.936623325,6.836373594
-0.756,0.575,-0.588235294,-0.636363636,-0.75,-0.866666667,12.41191735,36.76124557,80.16995349,6.211935929,9.950628367,4.562775417
-0.838,0.65,-0.705882353,0.818181818,-0.75,0.733333333,14.78329774,43.86905031,67.81175295,20.80800362,10.02481334,6.485292323
-0.626,0.475,0.352941176,0.090909091,-0.75,0.733333333,13.98441569,47.68486667,71.81002015,11.38103989,10.04221172,6.668449976
-0.784,0.65,-0.352941176,0.818181818,-0.75,0.733333333,12.41919575,52.40490602,80.89941746,10.46812929,10.04705701,6.508267861
-0.486,0.6,-0.352941176,-0.272727273,-0.75,-0.493333333,11.62014565,53.02830731,86.484067,6.27034723,10.04957455,6.161966545
-0.838,0.65,-0.705882353,0.818181818,-0.75,0.733333333,14.83848431,44.11134046,67.81559107,20.63503198,10.06280584,6.545454333
-0.838,0.65,-0.705882353,0.818181818,-0.75,0.733333333,14.9276694,43.8331578,67.42449873,21.29902358,10.06490627,6.543268884
-0.758,0.4495,-0.588235294,-0.636363636,0,-0.866666667,13.2731237,36.39670898,75.87241302,10.45019823,10.07063923,4.830980206
-0.784,0.65,-0.352941176,0.818181818,-0.75,0.733333333,12.272156,53.28477431,82.21329098,8.942480412,10.08934332,6.539190628
-0.784,0.65,-0.352941176,0.818181818,-0.75,0.733333333,12.33622934,53.1701563,82.06801057,9.221259675,10.124098,6.559192422
-0.778,0.45,-0.588235294,-0.272727273,0.75,-0.866666667,12.3065786,41.16103524,82.37464364,11.437426,10.13750027,5.065515154
-0.838,0.65,-0.705882353,0.818181818,-0.75,0.733333333,15.10374171,43.90985882,67.19984938,21.80766974,10.14969168,6.632031661
-0.812,0.65,-0.529411765,0.818181818,-0.75,0.733333333,13.71743633,48.3261108,74.17461975,15.01409043,10.17485624,6.62910348
-0.812,0.65,-0.529411765,0.818181818,-0.75,0.733333333,13.64258727,48.42306376,74.64379667,14.51156798,10.1833451,6.606158732
-0.812,0.65,-0.529411765,0.818181818,-0.75,0.733333333,14.0025161,47.48237408,72.99433845,16.35958064,10.22104399,6.648727075
-0.688,0.55,-0.588235294,0.090909091,-0.75,-0.493333333,11.91093657,54.10347543,86.15273646,3.597846328,10.26159779,6.444230641
-0.624,0.5,0.352941176,0.090909091,-0.75,0.733333333,15.38511911,44.51975982,66.90713126,14.89028538,10.29374184,6.849418076
-0.812,0.65,-0.529411765,0.818181818,-0.75,0.733333333,13.61668146,49.56084613,75.87121071,13.17015591,10.33114108,6.748542546
-0.762,0.4245,-0.588235294,-0.636363636,-0.75,-0.493333333,13.57053558,42.57057843,76.32587017,3.808979524,10.35782937,5.777055492
-0.614,0.725,0.352941176,0.818181818,-0.75,0.733333333,12.06018895,55.19140926,86.25857249,9.788472017,10.40294683,6.656188241
-0.452,0.435,0.352941176,-0.818181818,-0.75,0.733333333,13.8463969,52.22506141,75.74059335,8.080468321,10.48734317,7.231289284
-0.226,0.6,0.352941176,-0.636363636,-0.75,-0.493333333,13.34406529,43.3239213,79.03101523,7.3166916,10.54595027,5.781172344
-0.62,0.525,0.352941176,0.090909091,-0.75,0.733333333,17.02077502,41.40572669,62.14503549,19.07348812,10.57756668,7.047575585
-0.618,0.55,0.352941176,0.090909091,-0.75,0.733333333,18.79003008,37.79698082,56.68771928,24.46664482,10.6516395,7.102064065
-0.59,0.6,0.352941176,0.090909091,-0.75,0.733333333,22.33443221,32.05281039,48.18835894,33.79792148,10.76259636,7.158813208
-0.054,0.525,-0.117647059,-0.636363636,-0.75,-0.493333333,15.03696777,42.61769822,71.60436913,11.65973715,10.76712591,6.408409546
-0.612,0.575,0.352941176,0.090909091,-0.75,0.733333333,20.41517701,35.01418969,52.76129536,28.55636452,10.77131184,7.148208804
-0.424,0.6755,-0.117647059,0.090909091,-0.75,-0.493333333,11.6374413,55.22316932,92.98031401,3.180297898,10.82052946,6.426563914
-0.38,0.465,0.352941176,-0.818181818,-0.75,0.733333333,15.31746674,49.26791179,70.9797653,9.869561177,10.87230194,7.546596002
-0.248,0.675,0.823529412,-0.636363636,-0.75,-0.493333333,13.05797748,40.47573833,83.42497378,3.142700505,10.89361429,5.285312796
-0.758,0.5995,-0.588235294,-0.636363636,-0.75,-0.866666667,14.17179177,35.38578319,77.78569653,8.560025928,11.02362694,5.01479951
-0.484,0.625,-0.352941176,-0.272727273,-0.75,-0.493333333,12.52796478,54.14999413,88.25082255,4.732694373,11.05603197,6.783892193
-0.824,0.45,-0.588235294,-0.636363636,-0.75,-0.493333333,16.03968368,39.8040418,69.2245463,12.26868152,11.10339826,6.384442397
-0.758,0.475,-0.588235294,-0.636363636,0,-0.866666667,14.89543213,35.47457246,74.68370102,9.489422895,11.12446,5.284090864
-0.688,0.575,-0.588235294,0.090909091,-0.75,-0.493333333,13.76845238,50.62491798,80.90490878,8.857605463,11.13935384,6.970267724
-0.614,0.7375,0.352941176,0.818181818,-0.75,0.733333333,12.56378248,56.96987326,89.22909334,5.903700038,11.2105492,7.157570956
-0.822,0.45,-0.588235294,-0.636363636,-0.75,-0.493333333,16.82738051,38.34329743,66.91272214,13.82738093,11.25965836,6.452172559
-0.762,0.45,-0.588235294,-0.636363636,-0.75,-0.493333333,15.76802875,39.7882607,71.44888907,8.819294811,11.26608137,6.273824386
-0.776,0.4755,-0.588235294,-0.272727273,0.75,-0.866666667,13.40946664,41.55159046,84.03917119,8.487884695,11.26920463,5.571846661
-0.822,0.45,-0.588235294,-0.636363636,-0.75,-0.493333333,17.30057678,37.66837411,65.79029426,14.63299144,11.38210037,6.516845985
-0.822,0.45,-0.588235294,-0.636363636,-0.75,-0.493333333,17.4419497,37.59937169,65.58536823,14.33754765,11.43936694,6.558063498
-0.818,0.45,-0.588235294,-0.636363636,-0.75,-0.493333333,17.93074612,39.72126583,63.89329415,9.957287731,11.45654436,7.122319332
-0.818,0.45,-0.588235294,-0.636363636,-0.75,-0.493333333,18.28838976,36.97070173,62.82574999,13.29697018,11.48981803,6.761346029
-0.816,0.45,-0.588235294,-0.636363636,-0.75,-0.493333333,17.9237356,36.9044631,64.53731164,14.40400077,11.5674971,6.614658391
-0.81,0.45,-0.588235294,-0.636363636,-0.75,-0.493333333,18.38771372,35.71346907,62.93454875,14.72467736,11.57222466,6.566890452
-0.816,0.45,-0.588235294,-0.636363636,-0.75,-0.493333333,17.47301107,38.00215068,66.25597838,12.64839234,11.57691444,6.640119995
-0.806,0.45,-0.588235294,-0.636363636,-0.75,-0.493333333,18.1278111,36.63101148,63.86629053,12.97535547,11.5775605,6.640400565
-0.814,0.45,-0.588235294,-0.636363636,-0.75,-0.493333333,18.13662491,36.53816022,63.93371011,14.93289272,11.59541719,6.626789068
-0.81,0.45,-0.588235294,-0.636363636,-0.75,-0.493333333,17.88986327,36.91089865,64.96682486,12.91817712,11.62247614,6.6033093
-0.216,0.625,0.352941176,-0.636363636,-0.75,-0.493333333,15.11867766,42.22058383,77.04764733,6.876619152,11.64858544,6.383193975
-0.81,0.45,-0.588235294,-0.636363636,-0.75,-0.493333333,17.9022997,37.12355031,65.13240538,13.10383591,11.66019841,6.645969236
-0.048,0.55,-0.117647059,-0.636363636,-0.75,-0.493333333,16.50536412,42.15720076,70.68505432,10.18504061,11.66682559,6.958199488
-0.424,0.7005,-0.117647059,0.090909091,-0.75,-0.493333333,13.53351348,51.27303927,86.6239813,9.012811049,11.72326819,6.939043681
-0.614,0.75,0.352941176,0.818181818,-0.75,0.733333333,13.98349319,54.17325199,85.09193714,9.338111926,11.89882524,7.575313003
-0.482,0.65,-0.352941176,-0.272727273,-0.75,-0.493333333,14.17252736,51.79268899,84.22693279,8.292343821,11.93708509,7.340333018
-0.246,0.7,0.823529412,-0.636363636,-0.75,-0.493333333,14.8102019,39.07496781,80.68126782,4.136456259,11.94905866,5.787081625
-0.686,0.6,-0.588235294,0.090909091,-0.75,-0.493333333,14.73444678,51.19269874,81.82337079,6.39580836,12.05622102,7.542960951
-0.76,0.475,-0.588235294,-0.636363636,-0.75,-0.493333333,18.1835272,36.80192228,66.31720062,12.18281705,12.05880621,6.691887548
-0.756,0.6245,-0.588235294,-0.636363636,-0.75,-0.866666667,16.16576391,33.82191629,74.74233381,9.721643517,12.08266922,5.467571137
-0.758,0.4995,-0.588235294,-0.636363636,0,-0.866666667,17.0977031,33.44888306,70.821499,11.75501491,12.10884963,5.718990716
-0.776,0.4995,-0.588235294,-0.272727273,0.75,-0.866666667,15.14606325,39.98381022,81.38097954,9.788778966,12.32601463,6.055973186
-0.004,0.575,-0.117647059,-0.636363636,-0.75,-0.493333333,19.26292823,38.51696079,64.26515494,15.2813761,12.37935067,7.419494513
-0.204,0.65,0.352941176,-0.636363636,-0.75,-0.493333333,17.48072946,39.38865588,71.82869214,10.34324694,12.55617935,6.885424372
0.282,0.6,-0.117647059,-0.636363636,-0.75,-0.493333333,24.03469243,33.33658528,52.64244289,24.61300768,12.65244924,8.012345739
-0.424,0.7255,-0.117647059,0.090909091,-0.75,-0.493333333,13.93347133,54.50871877,92.13046176,2.172882223,12.83697148,7.594956702
-0.762,0.4995,-0.588235294,-0.636363636,-0.75,-0.493333333,20.46091643,35.14723429,63.08783678,14.38173863,12.90834956,7.191446236
-0.242,0.725,0.823529412,-0.636363636,-0.75,-0.493333333,17.46900055,35.55186788,73.91917757,9.821385371,12.91294154,6.210555995
-0.48,0.675,-0.352941176,-0.272727273,-0.75,-0.493333333,15.30270898,52.02877258,84.6031638,6.776499389,12.94657594,7.961811654
-0.684,0.625,-0.588235294,0.090909091,-0.75,-0.493333333,16.40230757,49.46919856,79.16095341,11.74117687,12.98422305,8.1140901
-0.758,0.5255,-0.588235294,-0.636363636,0,-0.866666667,19.54768142,31.33936869,66.80239019,14.06380735,13.05831842,6.126119951
-0.756,0.65,-0.588235294,-0.636363636,-0.75,-0.866666667,18.55495977,31.87324919,70.94603634,11.85067031,13.1640085,5.914068565
-0.762,0.525,-0.588235294,-0.636363636,-0.75,-0.493333333,23.19308492,32.29843654,58.14693254,18.12603424,13.48606744,7.491003815
-0.776,0.525,-0.588235294,-0.272727273,0.75,-0.866666667,17.0094393,38.70476373,79.34172704,10.68749052,13.4955829,6.583463293
-0.154,0.675,0.352941176,-0.636363636,-0.75,-0.493333333,19.93366627,37.42122419,67.77882993,12.39382388,13.51080576,7.459421944
0.672,0.725,0.352941176,-0.636363636,-0.75,-0.493333333,29.98449633,28.1096807,45.81481866,31.7270562,13.73734262,8.428546178
-0.48,0.7,-0.352941176,-0.272727273,-0.75,-0.493333333,16.66406897,51.14174481,83.26937671,9.314603765,13.87606637,8.522295628
-0.762,0.5495,-0.588235294,-0.636363636,-0.75,-0.493333333,25.97701056,29.45173443,53.42208697,22.66530167,13.87746117,7.650680163
-0.756,0.5495,-0.588235294,-0.636363636,0,-0.866666667,22.0427762,29.33590934,62.98976874,16.87919117,13.88469375,6.466448842
-0.684,0.65,-0.588235294,0.090909091,-0.75,-0.493333333,17.80407262,48.92064719,78.34793619,8.39504142,13.94912346,8.709867552
-0.23,0.75,0.823529412,-0.636363636,-0.75,-0.493333333,18.93503504,35.89608177,74.27930638,6.800147978,14.06481269,6.796935661
-0.76,0.575,-0.588235294,-0.636363636,-0.75,-0.493333333,28.94515895,26.97651319,49.00422262,27.41377646,14.18435013,7.808394622
0.05,0.7,0.352941176,-0.636363636,-0.75,-0.493333333,23.51562911,34.56111632,60.83325957,17.31558955,14.3053237,8.12726393
-0.758,0.5995,-0.588235294,-0.636363636,-0.75,-0.493333333,31.87392732,24.74680773,44.93225518,32.14821876,14.32167436,7.88777951
-0.756,0.6245,-0.588235294,-0.636363636,-0.75,-0.493333333,34.8882477,22.63802937,41.14480387,37.05882641,14.35470109,7.898011761
-0.776,0.55,-0.588235294,-0.272727273,0.75,-0.866666667,19.11740773,37.0444544,76.76611493,11.89488172,14.67569119,7.081939389
-0.758,0.575,-0.588235294,-0.636363636,0,-0.866666667,24.62868522,27.77902565,59.82520741,18.86362512,14.73416202,6.841608785
-0.684,0.675,-0.588235294,0.090909091,-0.75,-0.493333333,19.47805562,47.21834712,75.84105423,9.768996264,14.77236273,9.197215915
-0.478,0.725,-0.352941176,-0.272727273,-0.75,-0.493333333,18.33355034,49.48927022,80.66751972,8.888459057,14.78922034,9.073140269
-0.776,0.625,-0.588235294,-0.272727273,0.75,-0.866666667,18.66645889,37.78099568,80.38960465,9.541610624,15.0058925,7.052374027
-0.758,0.5995,-0.588235294,-0.636363636,0,-0.866666667,27.53886583,25.49256001,55.44435728,22.82898771,15.26874716,7.020361898
-0.776,0.575,-0.588235294,-0.272727273,0.75,-0.866666667,20.77330794,36.12812842,75.24432871,12.08883918,15.63073611,7.50500737
-0.478,0.75,-0.352941176,-0.272727273,-0.75,-0.493333333,20.62691107,46.58373087,76.06164683,14.38402967,15.68916825,9.60878474
-0.682,0.7,-0.588235294,0.090909091,-0.75,-0.493333333,20.85364467,46.90349623,75.30617592,10.35683115,15.70408234,9.781088442
-0.758,0.6245,-0.588235294,-0.636363636,0,-0.866666667,30.89883837,23.36090091,50.94970576,27.68889318,15.74286723,7.218247014
